﻿<parameters>
  <parameter name="IIS Web Application Name" defaultValue="Default Web Site/WebSite_deploy" tags="IisApp">
    <parameterEntry kind="ProviderPath" scope="IisApp" match="^C:\\Users\\Fabian\\Dropbox\\Universidad\\Ingenieria\ de\ Software\ 2\\Project\\Informationis\\WebSite\\obj\\Debug\\Package\\PackageTmp$" />
    <parameterEntry kind="ProviderPath" scope="setAcl" match="^C:\\Users\\Fabian\\Dropbox\\Universidad\\Ingenieria\ de\ Software\ 2\\Project\\Informationis\\WebSite\\obj\\Debug\\Package\\PackageTmp$" />
  </parameter>
  <parameter name="Connection1-Web.config Connection String" description="Connection1 Cadena de conexión que usa la aplicación en web.config para obtener acceso a la base de datos." defaultValue="Data Source=HELL-GATEPORT\HELLGATE;Initial Catalog=SistemaTecnicos;Integrated Security=SSPI;User ID=dmlr;Password=soma22;" tags="SqlConnectionString">
    <parameterEntry kind="XmlFile" scope="C:\\Users\\Fabian\\Dropbox\\Universidad\\Ingenieria\ de\ Software\ 2\\Project\\Informationis\\WebSite\\obj\\Debug\\Package\\PackageTmp\\Web\.config$" match="/configuration/connectionStrings/add[@name='Connection1']/@connectionString" />
  </parameter>
  <parameter name="Connection2-Web.config Connection String" description="Connection2 Cadena de conexión que usa la aplicación en web.config para obtener acceso a la base de datos." defaultValue="Data Source=JORGESERRANO-PC;Initial Catalog=SistemaTecnicos;Integrated Security=SSPI;User ID=dmlr;Password=soma22;" tags="SqlConnectionString">
    <parameterEntry kind="XmlFile" scope="C:\\Users\\Fabian\\Dropbox\\Universidad\\Ingenieria\ de\ Software\ 2\\Project\\Informationis\\WebSite\\obj\\Debug\\Package\\PackageTmp\\Web\.config$" match="/configuration/connectionStrings/add[@name='Connection2']/@connectionString" />
  </parameter>
  <parameter name="Connection47-Web.config Connection String" description="Connection47 Cadena de conexión que usa la aplicación en web.config para obtener acceso a la base de datos." defaultValue="Data Source=(local);Initial Catalog=SistemaTecnicos;Integrated Security=SSPI;" tags="SqlConnectionString">
    <parameterEntry kind="XmlFile" scope="C:\\Users\\Fabian\\Dropbox\\Universidad\\Ingenieria\ de\ Software\ 2\\Project\\Informationis\\WebSite\\obj\\Debug\\Package\\PackageTmp\\Web\.config$" match="/configuration/connectionStrings/add[@name='Connection47']/@connectionString" />
  </parameter>
  <parameter name="Connection-Web.config Connection String" description="Connection Cadena de conexión que usa la aplicación en web.config para obtener acceso a la base de datos." defaultValue="Data Source=fabian-pc\sql;Initial Catalog=GPS;Integrated Security=SSPI;" tags="SqlConnectionString">
    <parameterEntry kind="XmlFile" scope="C:\\Users\\Fabian\\Dropbox\\Universidad\\Ingenieria\ de\ Software\ 2\\Project\\Informationis\\WebSite\\obj\\Debug\\Package\\PackageTmp\\Web\.config$" match="/configuration/connectionStrings/add[@name='Connection']/@connectionString" />
  </parameter>
  <parameter name="Connection8-Web.config Connection String" description="Connection8 Cadena de conexión que usa la aplicación en web.config para obtener acceso a la base de datos." defaultValue="Data Source=petunia.arvixe.com;Initial Catalog=SistemaTecnicos;User ID=fmoreno;Password=fabian123456;" tags="SqlConnectionString">
    <parameterEntry kind="XmlFile" scope="C:\\Users\\Fabian\\Dropbox\\Universidad\\Ingenieria\ de\ Software\ 2\\Project\\Informationis\\WebSite\\obj\\Debug\\Package\\PackageTmp\\Web\.config$" match="/configuration/connectionStrings/add[@name='Connection8']/@connectionString" />
  </parameter>
  <parameter name="Connection6-Web.config Connection String" description="Connection6 Cadena de conexión que usa la aplicación en web.config para obtener acceso a la base de datos." defaultValue="Data Source=localhost;Initial Catalog=SistemaTecnicos;User ID=fmoreno;Password=fabian123456;" tags="SqlConnectionString">
    <parameterEntry kind="XmlFile" scope="C:\\Users\\Fabian\\Dropbox\\Universidad\\Ingenieria\ de\ Software\ 2\\Project\\Informationis\\WebSite\\obj\\Debug\\Package\\PackageTmp\\Web\.config$" match="/configuration/connectionStrings/add[@name='Connection6']/@connectionString" />
  </parameter>
</parameters>